channel_id,electrode,port,lag_samples,lag_ms,confidence
UAe004_NSP129,4,B,18,0.6,16.935516357421875
UAe013_NSP130,13,B,18,0.6,15.157773971557617
UAe024_NSP131,24,B,18,0.6,58.01881408691406
UAe037_NSP132,37,B,18,0.6,136.8020477294922
UAe053_NSP133,53,B,18,0.6,7.520620346069336
UAe069_NSP134,69,B,18,0.6,30.84496307373047
UAe003_NSP135,3,B,18,0.6,19.105390548706055
UAe012_NSP136,12,B,18,0.6,12.443601608276367
UAe023_NSP137,23,B,18,0.6,102.03099822998047
UAe036_NSP138,36,B,18,0.6,3.6391806602478027
UAe051_NSP139,51,B,18,0.6,17.027976989746094
UAe068_NSP140,68,B,18,0.6,32.7158088684082
UAe002_NSP141,2,B,18,0.6,20.425382614135742
UAe011_NSP142,11,B,18,0.6,149.9168701171875
UAe022_NSP143,22,B,18,0.6,18.071237564086914
UAe035_NSP144,35,B,17,0.5666666666666667,97.86959838867188
UAe050_NSP145,50,B,18,0.6,8.352568626403809
UAe001_NSP146,1,B,18,0.6,12.063223838806152
UAe010_NSP147,10,B,17,0.5666666666666667,36.607032775878906
UAe021_NSP148,21,B,18,0.6,11.5560302734375
UAe034_NSP149,34,B,17,0.5666666666666667,18.844228744506836
UAe049_NSP150,49,B,17,0.5666666666666667,29.221757888793945
UAe009_NSP151,9,B,17,0.5666666666666667,217.75009155273438
UAe020_NSP152,20,B,17,0.5666666666666667,0.966831624507904
UAe033_NSP153,33,B,17,0.5666666666666667,18.8886775970459
UAe048_NSP154,48,B,17,0.5666666666666667,12.32819652557373
UAe019_NSP155,19,B,17,0.5666666666666667,21.033552169799805
UAe032_NSP156,32,B,17,0.5666666666666667,26.82758331298828
UAe047_NSP157,47,B,17,0.5666666666666667,43.957847595214844
UAe046_NSP158,46,B,17,0.5666666666666667,12.713357925415039
UAe045_NSP159,45,B,17,0.5666666666666667,9.019368171691895
UAe061_NSP160,61,B,17,0.5666666666666667,18.487886428833008
UAe123_NSP161,123,B,18,0.6,26.74945640563965
UAe105_NSP162,105,B,18,0.6,20.518003463745117
UAe087_NSP163,87,B,18,0.6,30.710481643676758
UAe122_NSP164,122,B,18,0.6,29.12213706970215
UAe104_NSP165,104,B,18,0.6,9.870259284973145
UAe086_NSP166,86,B,18,0.6,20.002044677734375
UAe121_NSP167,121,B,18,0.6,39.44983673095703
UAe103_NSP168,103,B,18,0.6,30.42654037475586
UAe085_NSP169,85,B,18,0.6,6.87499475479126
UAe067_NSP170,67,B,18,0.6,44.905555725097656
UAe115_NSP171,115,B,18,0.6,35.89392852783203
UAe100_NSP172,100,B,18,0.6,31.421306610107422
UAe084_NSP173,84,B,18,0.6,10.293831825256348
UAe066_NSP174,66,B,18,0.6,17.44907569885254
UAe065_NSP175,65,B,18,0.6,16.5676212310791
UAe099_NSP176,99,B,18,0.6,31.79606819152832
UAe083_NSP177,83,B,18,0.6,19.143856048583984
UAe082_NSP178,82,B,18,0.6,14.664937973022461
UAe116_NSP179,116,B,18,0.6,49.34210205078125
UAe101_NSP180,101,B,18,0.6,50.51600646972656
UAe081_NSP181,81,B,17,0.5666666666666667,24.735515594482422
UAe064_NSP182,64,B,18,0.6,26.601333618164062
UAe117_NSP183,117,B,18,0.6,54.076087951660156
UAe102_NSP184,102,B,17,0.5666666666666667,39.48859405517578
UAe080_NSP185,80,B,17,0.5666666666666667,17.435331344604492
UAe063_NSP186,63,B,17,0.5666666666666667,27.040403366088867
UAe098_NSP187,98,B,17,0.5666666666666667,19.618043899536133
UAe079_NSP188,79,B,17,0.5666666666666667,30.487106323242188
UAe062_NSP189,62,B,17,0.5666666666666667,268.9268798828125
UAe097_NSP190,97,B,17,0.5666666666666667,0.12391911447048187
UAe118_NSP191,118,B,17,0.5666666666666667,28.19820785522461
UAe119_NSP192,119,B,17,0.5666666666666667,25.575349807739258
UAe133_NSP193,133,B,18,0.6,26.903133392333984
UAe159_NSP194,159,B,18,0.6,14.45062255859375
UAe177_NSP195,177,B,18,0.6,20.135595321655273
UAe195_NSP196,195,B,18,0.6,97.47594451904297
UAe140_NSP197,140,B,18,0.6,0.7953042387962341
UAe158_NSP198,158,B,18,0.6,49.133338928222656
UAe176_NSP199,176,B,18,0.6,22.55913543701172
UAe199_NSP200,199,B,18,0.6,26.20500373840332
UAe139_NSP201,139,B,18,0.6,13.760647773742676
UAe157_NSP202,157,B,16,0.5333333333333333,20.808263778686523
UAe175_NSP203,175,B,18,0.6,13.442544937133789
UAe193_NSP204,193,B,18,0.6,12.072630882263184
UAe138_NSP205,138,B,17,0.5666666666666667,40.47006607055664
UAe156_NSP206,156,B,16,0.5333333333333333,22.6718807220459
UAe174_NSP207,174,B,17,0.5666666666666667,16.572675704956055
UAe137_NSP208,137,B,18,0.6,33.85521697998047
UAe155_NSP209,155,B,18,0.6,31.635623931884766
UAe173_NSP210,173,B,18,0.6,25.59519386291504
UAe136_NSP211,136,B,18,0.6,39.91566848754883
UAe154_NSP212,154,B,16,0.5333333333333333,26.136808395385742
UAe172_NSP213,172,B,17,0.5666666666666667,21.77835464477539
UAe135_NSP214,135,B,18,0.6,36.54104995727539
UAe153_NSP215,153,B,17,0.5666666666666667,17.526948928833008
UAe171_NSP216,171,B,17,0.5666666666666667,22.936025619506836
UAe116_NSP217,116,B,18,0.6,39.99471664428711
UAe134_NSP218,134,B,17,0.5666666666666667,31.180070877075195
UAe152_NSP219,152,B,17,0.5666666666666667,21.939640045166016
UAe170_NSP220,170,B,18,0.6,11.57570743560791
UAe115_NSP221,115,B,18,0.6,44.18327331542969
UAe133_NSP222,133,B,17,0.5666666666666667,31.586929321289062
UAe151_NSP223,151,B,17,0.5666666666666667,17.754777908325195
UAe169_NSP224,169,B,17,0.5666666666666667,14.940004348754883
UAe212_NSP225,212,B,18,0.6,16.54741859436035
UAe227_NSP226,227,B,18,0.6,28.3012752532959
UAe240_NSP227,240,B,18,0.6,13.5263090133667
UAe252_NSP228,252,B,18,0.6,17.42849349975586
UAe211_NSP229,211,B,18,0.6,15.100604057312012
UAe226_NSP230,226,B,18,0.6,17.93408203125
UAe239_NSP231,239,B,18,0.6,18.616079330444336
UAe251_NSP232,251,B,18,0.6,13.703103065490723
UAe210_NSP233,210,B,18,0.6,16.537046432495117
UAe225_NSP234,225,B,18,0.6,17.583328247070312
UAe238_NSP235,238,B,18,0.6,11.781913757324219
UAe249_NSP236,249,B,18,0.6,12.16588306427002
UAe192_NSP237,192,B,18,0.6,11.783648490905762
UAe209_NSP238,209,B,18,0.6,9.80820369720459
UAe224_NSP239,224,B,18,0.6,10.446224212646484
UAe237_NSP240,237,B,18,0.6,15.191712379455566
UAe248_NSP241,248,B,18,0.6,6.457274436950684
UAe191_NSP242,191,B,18,0.6,8.511344909667969
UAe208_NSP243,208,B,18,0.6,21.29375648498535
UAe223_NSP244,223,B,18,0.6,14.483855247497559
UAe236_NSP245,236,B,18,0.6,11.279837608337402
UAe247_NSP246,247,B,18,0.6,2.6013224124908447
UAe190_NSP247,190,B,18,0.6,5.546754837036133
UAe207_NSP248,207,B,18,0.6,11.39454460144043
UAe222_NSP249,222,B,17,0.5666666666666667,22.32790756225586
UAe235_NSP250,235,B,17,0.5666666666666667,21.409955978393555
UAe189_NSP251,189,B,17,0.5666666666666667,12.530168533325195
UAe206_NSP252,206,B,17,0.5666666666666667,30.800743103027344
UAe221_NSP253,221,B,17,0.5666666666666667,27.452075958251953
UAe188_NSP254,188,B,17,0.5666666666666667,12.089897155761719
UAe205_NSP255,205,B,17,0.5666666666666667,12.891216278076172
UAe187_NSP256,187,B,17,0.5666666666666667,23.31968879699707